"Time (s)","Distance (cm)"
6.107562500E-2,5.000000000E0
4.346502083E0,5.000000000E0